Product ID,Product Name,Product Slug,Product SKU,Short Description,Long Description,Base Model,Category,Category ID,Tags (;-separated),Product Images (;-separated),Status,Is Active,Variation Index,Condition,Color,Storage,Capacity,Interface,Variant Name,Price (GBP),Sale Price (GBP),Stock Quantity,Stock Status,Variation SKU,Variation Images (;-separated),Weight (g),Lead Time Min (days),Lead Time Max (days),Lead Time Display,Length (cm),Width (cm),Height (cm),Attributes (;-separated),Created At,Updated At
68aa920fda54cf773f580fbb,GrapheneOS Pixel 9 Pro XL,pixel-9-pro-xl,PX-975597-B79S,Pixel 9 Pro XL with GrapheneOS Pre-installed - Privacy-Focused Android Alternative,"Pixel 9 Pro XL with GrapheneOS Pre-installed. This Privacy-Focused Android Alternative 
             features hardware identical to Google Pixel 9 Pro XL. Custom ROM - GrapheneOS provides enhanced privacy and security while
             maintaining full functionality.",Pixel 9 Pro XL,,,,/images/placeholder.png,active,true,0,good,Obsidian,128GB,,,,685,,10,in_stock,PX-975597-B79S-B-OB-128-0,/images/placeholder.png,100,5,7,5-7 working days,10,10,5,Storage:128GB;Model:Pixel 9 Pro XL,2025-08-24T04:16:15.599Z,2025-08-24T04:16:15.599Z
68aa920fda54cf773f580fbb,GrapheneOS Pixel 9 Pro XL,pixel-9-pro-xl,PX-975597-B79S,Pixel 9 Pro XL with GrapheneOS Pre-installed - Privacy-Focused Android Alternative,"Pixel 9 Pro XL with GrapheneOS Pre-installed. This Privacy-Focused Android Alternative 
             features hardware identical to Google Pixel 9 Pro XL. Custom ROM - GrapheneOS provides enhanced privacy and security while
             maintaining full functionality.",Pixel 9 Pro XL,,,,/images/placeholder.png,active,true,1,good,Obsidian,256GB,,,,750,,10,in_stock,PX-975597-B79S-B-OB-256-1,/images/placeholder.png,100,5,7,5-7 working days,10,10,5,Storage:128GB;Model:Pixel 9 Pro XL,2025-08-24T04:16:15.599Z,2025-08-24T04:16:15.599Z
68aa920fda54cf773f580fb5,GrapheneOS Pixel 9,pixel-9,PX-975531-HMOC,Pixel 9 with GrapheneOS Pre-installed - Privacy-Focused Android Alternative,"Pixel 9 with GrapheneOS Pre-installed. This Privacy-Focused Android Alternative 
             features hardware identical to Google Pixel 9. Custom ROM - GrapheneOS provides enhanced privacy and security while
             maintaining full functionality.",Pixel 9,,,,/images/placeholder.png,active,true,0,good,Obsidian,128GB,,,,540,,10,in_stock,PX-975531-HMOC-B-OB-128-0,/images/placeholder.png,100,5,7,5-7 working days,10,10,5,Storage:128GB;Model:Pixel 9,2025-08-24T04:16:15.532Z,2025-08-24T04:16:15.532Z
68aa920fda54cf773f580fae,GrapheneOS Pixel 8 Pro,pixel-8-pro,PX-975468-HKKQ,Pixel 8 Pro with GrapheneOS Pre-installed - Privacy-Focused Android Alternative,"Pixel 8 Pro with GrapheneOS Pre-installed. This Privacy-Focused Android Alternative 
             features hardware identical to Google Pixel 8 Pro. Custom ROM - GrapheneOS provides enhanced privacy and security while
             maintaining full functionality.",Pixel 8 Pro,,,,/images/placeholder.png,active,true,0,good,Obsidian,128GB,,,,485,,10,in_stock,PX-975468-HKKQ-B-OB-128-0,/images/placeholder.png,100,5,7,5-7 working days,10,10,5,Storage:128GB;Model:Pixel 8 Pro,2025-08-24T04:16:15.469Z,2025-08-24T04:16:15.469Z
68aa920fda54cf773f580fae,GrapheneOS Pixel 8 Pro,pixel-8-pro,PX-975468-HKKQ,Pixel 8 Pro with GrapheneOS Pre-installed - Privacy-Focused Android Alternative,"Pixel 8 Pro with GrapheneOS Pre-installed. This Privacy-Focused Android Alternative 
             features hardware identical to Google Pixel 8 Pro. Custom ROM - GrapheneOS provides enhanced privacy and security while
             maintaining full functionality.",Pixel 8 Pro,,,,/images/placeholder.png,active,true,1,good,Bay,128GB,,,,490,,10,in_stock,PX-975468-HKKQ-B-BA-128-1,/images/placeholder.png,100,5,7,5-7 working days,10,10,5,Storage:128GB;Model:Pixel 8 Pro,2025-08-24T04:16:15.469Z,2025-08-24T04:16:15.469Z
68aa920fda54cf773f580fa7,GrapheneOS Pixel 9a,pixel-9a,PX-975402-XWW3,Pixel 9a with GrapheneOS Pre-installed - Privacy-Focused Android Alternative,"Pixel 9a with GrapheneOS Pre-installed. This Privacy-Focused Android Alternative 
             features hardware identical to Google Pixel 9a. Custom ROM - GrapheneOS provides enhanced privacy and security while
             maintaining full functionality.",Pixel 9a,,,,/images/placeholder.png,active,true,0,good,Obsidian,128GB,,,,480,,10,in_stock,PX-975402-XWW3-B-OB-128-0,/images/placeholder.png,100,5,7,5-7 working days,10,10,5,Storage:128GB;Model:Pixel 9a,2025-08-24T04:16:15.404Z,2025-08-24T04:16:15.404Z
68aa920fda54cf773f580fa7,GrapheneOS Pixel 9a,pixel-9a,PX-975402-XWW3,Pixel 9a with GrapheneOS Pre-installed - Privacy-Focused Android Alternative,"Pixel 9a with GrapheneOS Pre-installed. This Privacy-Focused Android Alternative 
             features hardware identical to Google Pixel 9a. Custom ROM - GrapheneOS provides enhanced privacy and security while
             maintaining full functionality.",Pixel 9a,,,,/images/placeholder.png,active,true,1,excellent,Obsidian,128GB,,,,520,,10,in_stock,PX-975402-XWW3-A-OB-128-1,/images/placeholder.png,100,5,7,5-7 working days,10,10,5,Storage:128GB;Model:Pixel 9a,2025-08-24T04:16:15.404Z,2025-08-24T04:16:15.404Z
68aa920fda54cf773f580fa0,GrapheneOS Pixel 8A,pixel-8a,PX-975351-UJQC,Pixel 8A with GrapheneOS Pre-installed - Privacy-Focused Android Alternative,"Pixel 8A with GrapheneOS Pre-installed. This Privacy-Focused Android Alternative 
             features hardware identical to Google Pixel 8A. Custom ROM - GrapheneOS provides enhanced privacy and security while
             maintaining full functionality.",Pixel 8A,,,,/images/placeholder.png,active,true,0,good,Obsidian,128GB,,,,395,,10,in_stock,PX-975351-UJQC-B-OB-128-0,/images/placeholder.png,100,5,7,5-7 working days,10,10,5,Storage:128GB;Model:Pixel 8A,2025-08-24T04:16:15.352Z,2025-08-24T04:16:15.352Z
68aa920fda54cf773f580fa0,GrapheneOS Pixel 8A,pixel-8a,PX-975351-UJQC,Pixel 8A with GrapheneOS Pre-installed - Privacy-Focused Android Alternative,"Pixel 8A with GrapheneOS Pre-installed. This Privacy-Focused Android Alternative 
             features hardware identical to Google Pixel 8A. Custom ROM - GrapheneOS provides enhanced privacy and security while
             maintaining full functionality.",Pixel 8A,,,,/images/placeholder.png,active,true,1,good,Bay,128GB,,,,400,,10,in_stock,PX-975351-UJQC-B-BA-128-1,/images/placeholder.png,100,5,7,5-7 working days,10,10,5,Storage:128GB;Model:Pixel 8A,2025-08-24T04:16:15.352Z,2025-08-24T04:16:15.352Z
68aa920fda54cf773f580f98,GrapheneOS Pixel 8,pixel-8,PX-975288-JWD7,Pixel 8 with GrapheneOS Pre-installed - Privacy-Focused Android Alternative,"Pixel 8 with GrapheneOS Pre-installed. This Privacy-Focused Android Alternative 
             features hardware identical to Google Pixel 8. Custom ROM - GrapheneOS provides enhanced privacy and security while
             maintaining full functionality.",Pixel 8,,,,/images/placeholder.png,active,true,0,fair,Obsidian,128GB,,,,355,,10,in_stock,PX-975288-JWD7-C-OB-128-0,/images/placeholder.png,100,5,7,5-7 working days,10,10,5,Storage:128GB;Model:Pixel 8,2025-08-24T04:16:15.289Z,2025-08-24T04:16:15.289Z
68aa920fda54cf773f580f98,GrapheneOS Pixel 8,pixel-8,PX-975288-JWD7,Pixel 8 with GrapheneOS Pre-installed - Privacy-Focused Android Alternative,"Pixel 8 with GrapheneOS Pre-installed. This Privacy-Focused Android Alternative 
             features hardware identical to Google Pixel 8. Custom ROM - GrapheneOS provides enhanced privacy and security while
             maintaining full functionality.",Pixel 8,,,,/images/placeholder.png,active,true,1,good,Rose,128GB,,,,395,,10,in_stock,PX-975288-JWD7-B-RO-128-1,/images/placeholder.png,100,5,7,5-7 working days,10,10,5,Storage:128GB;Model:Pixel 8,2025-08-24T04:16:15.289Z,2025-08-24T04:16:15.289Z
68aa920fda54cf773f580f98,GrapheneOS Pixel 8,pixel-8,PX-975288-JWD7,Pixel 8 with GrapheneOS Pre-installed - Privacy-Focused Android Alternative,"Pixel 8 with GrapheneOS Pre-installed. This Privacy-Focused Android Alternative 
             features hardware identical to Google Pixel 8. Custom ROM - GrapheneOS provides enhanced privacy and security while
             maintaining full functionality.",Pixel 8,,,,/images/placeholder.png,active,true,2,good,Obsidian,128GB,,,,410,,10,in_stock,PX-975288-JWD7-B-OB-128-2,/images/placeholder.png,100,5,7,5-7 working days,10,10,5,Storage:128GB;Model:Pixel 8,2025-08-24T04:16:15.289Z,2025-08-24T04:16:15.289Z
68aa920fda54cf773f580f8e,GrapheneOS Pixel 7 Pro,pixel-7-pro,PX-975209-WLP9,Pixel 7 Pro with GrapheneOS Pre-installed - Privacy-Focused Android Alternative,"Pixel 7 Pro with GrapheneOS Pre-installed. This Privacy-Focused Android Alternative 
             features hardware identical to Google Pixel 7 Pro. Custom ROM - GrapheneOS provides enhanced privacy and security while
             maintaining full functionality.",Pixel 7 Pro,,,,/images/placeholder.png,active,true,0,fair,(12GB+128GB) Obsidian,128GB,,,,325,,10,in_stock,PX-975209-WLP9-C-(1-128-0,/images/placeholder.png,100,5,7,5-7 working days,10,10,5,Storage:128GB;Model:Pixel 7 Pro,2025-08-24T04:16:15.211Z,2025-08-24T04:16:15.211Z
68aa920fda54cf773f580f8e,GrapheneOS Pixel 7 Pro,pixel-7-pro,PX-975209-WLP9,Pixel 7 Pro with GrapheneOS Pre-installed - Privacy-Focused Android Alternative,"Pixel 7 Pro with GrapheneOS Pre-installed. This Privacy-Focused Android Alternative 
             features hardware identical to Google Pixel 7 Pro. Custom ROM - GrapheneOS provides enhanced privacy and security while
             maintaining full functionality.",Pixel 7 Pro,,,,/images/placeholder.png,active,true,1,good,(12GB+128GB) Snow,128GB,,,,370,,10,in_stock,PX-975209-WLP9-B-(1-128-1,/images/placeholder.png,100,5,7,5-7 working days,10,10,5,Storage:128GB;Model:Pixel 7 Pro,2025-08-24T04:16:15.211Z,2025-08-24T04:16:15.211Z
68aa920fda54cf773f580f8e,GrapheneOS Pixel 7 Pro,pixel-7-pro,PX-975209-WLP9,Pixel 7 Pro with GrapheneOS Pre-installed - Privacy-Focused Android Alternative,"Pixel 7 Pro with GrapheneOS Pre-installed. This Privacy-Focused Android Alternative 
             features hardware identical to Google Pixel 7 Pro. Custom ROM - GrapheneOS provides enhanced privacy and security while
             maintaining full functionality.",Pixel 7 Pro,,,,/images/placeholder.png,active,true,2,good,(12GB+128GB) Hazel,128GB,,,,375,,10,in_stock,PX-975209-WLP9-B-(1-128-2,/images/placeholder.png,100,5,7,5-7 working days,10,10,5,Storage:128GB;Model:Pixel 7 Pro,2025-08-24T04:16:15.211Z,2025-08-24T04:16:15.211Z
68aa920fda54cf773f580f8e,GrapheneOS Pixel 7 Pro,pixel-7-pro,PX-975209-WLP9,Pixel 7 Pro with GrapheneOS Pre-installed - Privacy-Focused Android Alternative,"Pixel 7 Pro with GrapheneOS Pre-installed. This Privacy-Focused Android Alternative 
             features hardware identical to Google Pixel 7 Pro. Custom ROM - GrapheneOS provides enhanced privacy and security while
             maintaining full functionality.",Pixel 7 Pro,,,,/images/placeholder.png,active,true,3,good,(12GB+128GB) Obsidian,128GB,,,,380,,10,in_stock,PX-975209-WLP9-B-(1-128-3,/images/placeholder.png,100,5,7,5-7 working days,10,10,5,Storage:128GB;Model:Pixel 7 Pro,2025-08-24T04:16:15.211Z,2025-08-24T04:16:15.211Z
68aa920fda54cf773f580f86,GrapheneOS Pixel 6 Pro,pixel-6-pro,PX-975153-ICS2,Pixel 6 Pro with GrapheneOS Pre-installed - Privacy-Focused Android Alternative,"Pixel 6 Pro with GrapheneOS Pre-installed. This Privacy-Focused Android Alternative 
             features hardware identical to Google Pixel 6 Pro. Custom ROM - GrapheneOS provides enhanced privacy and security while
             maintaining full functionality.",Pixel 6 Pro,,,,/images/placeholder.png,active,true,0,good,Stormy Black,128GB,,,,310,,10,in_stock,PX-975153-ICS2-B-ST-128-0,/images/placeholder.png,100,5,7,5-7 working days,10,10,5,Storage:128GB;Model:Pixel 6 Pro,2025-08-24T04:16:15.154Z,2025-08-24T04:16:15.154Z
68aa920fda54cf773f580f7b,GrapheneOS Pixel 7,pixel-7,PX-975093-NATC,Pixel 7 with GrapheneOS Pre-installed - Privacy-Focused Android Alternative,"Pixel 7 with GrapheneOS Pre-installed. This Privacy-Focused Android Alternative 
             features hardware identical to Google Pixel 7. Custom ROM - GrapheneOS provides enhanced privacy and security while
             maintaining full functionality.",Pixel 7,,,,/images/placeholder.png,active,true,0,fair,Obsidian,128GB,,,,285,,10,in_stock,PX-975093-NATC-C-OB-128-0,/images/placeholder.png,100,5,7,5-7 working days,10,10,5,Storage:128GB;Model:Pixel 7,2025-08-24T04:16:15.095Z,2025-08-24T04:16:15.095Z
68aa920fda54cf773f580f7b,GrapheneOS Pixel 7,pixel-7,PX-975093-NATC,Pixel 7 with GrapheneOS Pre-installed - Privacy-Focused Android Alternative,"Pixel 7 with GrapheneOS Pre-installed. This Privacy-Focused Android Alternative 
             features hardware identical to Google Pixel 7. Custom ROM - GrapheneOS provides enhanced privacy and security while
             maintaining full functionality.",Pixel 7,,,,/images/placeholder.png,active,true,1,good,Lemongrass,128GB,,,,315,,10,in_stock,PX-975093-NATC-B-LE-128-1,/images/placeholder.png,100,5,7,5-7 working days,10,10,5,Storage:128GB;Model:Pixel 7,2025-08-24T04:16:15.095Z,2025-08-24T04:16:15.095Z
68aa920fda54cf773f580f7b,GrapheneOS Pixel 7,pixel-7,PX-975093-NATC,Pixel 7 with GrapheneOS Pre-installed - Privacy-Focused Android Alternative,"Pixel 7 with GrapheneOS Pre-installed. This Privacy-Focused Android Alternative 
             features hardware identical to Google Pixel 7. Custom ROM - GrapheneOS provides enhanced privacy and security while
             maintaining full functionality.",Pixel 7,,,,/images/placeholder.png,active,true,2,good,Obsidian,128GB,,,,320,,10,in_stock,PX-975093-NATC-B-OB-128-2,/images/placeholder.png,100,5,7,5-7 working days,10,10,5,Storage:128GB;Model:Pixel 7,2025-08-24T04:16:15.095Z,2025-08-24T04:16:15.095Z
68aa920fda54cf773f580f7b,GrapheneOS Pixel 7,pixel-7,PX-975093-NATC,Pixel 7 with GrapheneOS Pre-installed - Privacy-Focused Android Alternative,"Pixel 7 with GrapheneOS Pre-installed. This Privacy-Focused Android Alternative 
             features hardware identical to Google Pixel 7. Custom ROM - GrapheneOS provides enhanced privacy and security while
             maintaining full functionality.",Pixel 7,,,,/images/placeholder.png,active,true,3,good,Snow,128GB,,,,325,,10,in_stock,PX-975093-NATC-B-SN-128-3,/images/placeholder.png,100,5,7,5-7 working days,10,10,5,Storage:128GB;Model:Pixel 7,2025-08-24T04:16:15.095Z,2025-08-24T04:16:15.095Z
68aa920fda54cf773f580f71,GrapheneOS Pixel 7A,pixel-7a,PX-975036-VTMF,Pixel 7A with GrapheneOS Pre-installed - Privacy-Focused Android Alternative,Pixel 7A with GrapheneOS Pre-installed. This Privacy-Focused Android Alternative features hardware identical to Google Pixel 7A. Custom ROM - GrapheneOS provides enhanced privacy and security while maintaining full functionality.,Pixel 7A,,,,/images/placeholder.png,active,true,0,excellent,Sea,,,,,290,,14,in_stock,PX-975036-VTMF-A-SE-128-0,/images/placeholder.png,100,5,7,5-7 working days,10,10,5,Storage:128GB;Model:Pixel 7A,2025-08-24T04:16:15.038Z,2025-08-24T10:36:08.880Z
68aa920fda54cf773f580f71,GrapheneOS Pixel 7A,pixel-7a,PX-975036-VTMF,Pixel 7A with GrapheneOS Pre-installed - Privacy-Focused Android Alternative,Pixel 7A with GrapheneOS Pre-installed. This Privacy-Focused Android Alternative features hardware identical to Google Pixel 7A. Custom ROM - GrapheneOS provides enhanced privacy and security while maintaining full functionality.,Pixel 7A,,,,/images/placeholder.png,active,true,1,excellent,Snow,,,,,275,,10,in_stock,PX-975036-VTMF-B-SN-128-1,/images/placeholder.png,100,5,7,5-7 working days,10,10,5,Storage:128GB;Model:Pixel 7A,2025-08-24T04:16:15.038Z,2025-08-24T10:36:08.880Z
68aa920fda54cf773f580f71,GrapheneOS Pixel 7A,pixel-7a,PX-975036-VTMF,Pixel 7A with GrapheneOS Pre-installed - Privacy-Focused Android Alternative,Pixel 7A with GrapheneOS Pre-installed. This Privacy-Focused Android Alternative features hardware identical to Google Pixel 7A. Custom ROM - GrapheneOS provides enhanced privacy and security while maintaining full functionality.,Pixel 7A,,,,/images/placeholder.png,active,true,2,good,Sea,,,,,280,,10,in_stock,PX-975036-VTMF-B-SE-128-2,/images/placeholder.png,100,5,7,5-7 working days,10,10,5,Storage:128GB;Model:Pixel 7A,2025-08-24T04:16:15.038Z,2025-08-24T10:36:08.880Z
68aa920eda54cf773f580f68,GrapheneOS Pixel 6,pixel-6,PX-974981-KSQP,Pixel 6 with GrapheneOS Pre-installed - Privacy-Focused Android Alternative,"Pixel 6 with GrapheneOS Pre-installed. This Privacy-Focused Android Alternative 
             features hardware identical to Google Pixel 6. Custom ROM - GrapheneOS provides enhanced privacy and security while
             maintaining full functionality.",Pixel 6,,,,/images/placeholder.png,active,true,0,fair,Stormy Black,,,,,250,,12,in_stock,PX-974981-KSQP-C-ST-128-1,/images/placeholder.png,100,5,7,5-7 working days,10,10,5,Storage:128GB;Model:Pixel 6,2025-08-24T04:16:14.983Z,2025-08-24T10:28:54.493Z
68aa920eda54cf773f580f68,GrapheneOS Pixel 6,pixel-6,PX-974981-KSQP,Pixel 6 with GrapheneOS Pre-installed - Privacy-Focused Android Alternative,"Pixel 6 with GrapheneOS Pre-installed. This Privacy-Focused Android Alternative 
             features hardware identical to Google Pixel 6. Custom ROM - GrapheneOS provides enhanced privacy and security while
             maintaining full functionality.",Pixel 6,,,,/images/placeholder.png,active,true,1,good,Sorta Seaform,,,,,265,,13,in_stock,PX-974981-KSQP-B-SO-128-3,,100,5,7,5-7 working days,10,10,5,Storage:128GB;Model:Pixel 6,2025-08-24T04:16:14.983Z,2025-08-24T10:28:54.493Z
68aa920eda54cf773f580f68,GrapheneOS Pixel 6,pixel-6,PX-974981-KSQP,Pixel 6 with GrapheneOS Pre-installed - Privacy-Focused Android Alternative,"Pixel 6 with GrapheneOS Pre-installed. This Privacy-Focused Android Alternative 
             features hardware identical to Google Pixel 6. Custom ROM - GrapheneOS provides enhanced privacy and security while
             maintaining full functionality.",Pixel 6,,,,/images/placeholder.png,active,true,2,good,Kinda Coral,,,,,275,,19,in_stock,PX-974981-KSQP-B-KI-128-4,,100,5,7,5-7 working days,10,10,5,Storage:128GB;Model:Pixel 6,2025-08-24T04:16:14.983Z,2025-08-24T10:28:54.493Z
68aa920eda54cf773f580f68,GrapheneOS Pixel 6,pixel-6,PX-974981-KSQP,Pixel 6 with GrapheneOS Pre-installed - Privacy-Focused Android Alternative,"Pixel 6 with GrapheneOS Pre-installed. This Privacy-Focused Android Alternative 
             features hardware identical to Google Pixel 6. Custom ROM - GrapheneOS provides enhanced privacy and security while
             maintaining full functionality.",Pixel 6,,,,/images/placeholder.png,active,true,3,good,Stormy Black,,,,,280,,14,in_stock,PX-974981-KSQP-B-ST-128-5,,100,5,7,5-7 working days,10,10,5,Storage:128GB;Model:Pixel 6,2025-08-24T04:16:14.983Z,2025-08-24T10:28:54.493Z
68aa920eda54cf773f580f68,GrapheneOS Pixel 6,pixel-6,PX-974981-KSQP,Pixel 6 with GrapheneOS Pre-installed - Privacy-Focused Android Alternative,"Pixel 6 with GrapheneOS Pre-installed. This Privacy-Focused Android Alternative 
             features hardware identical to Google Pixel 6. Custom ROM - GrapheneOS provides enhanced privacy and security while
             maintaining full functionality.",Pixel 6,,,,/images/placeholder.png,active,true,4,good,Stormy Black,,,,,340,,17,in_stock,PX-974981-KSQP-B-ST-256-6,,100,5,7,5-7 working days,10,10,5,Storage:128GB;Model:Pixel 6,2025-08-24T04:16:14.983Z,2025-08-24T10:28:54.493Z
68aa920eda54cf773f580f5c,GrapheneOS Pixel 6A,pixel-6a,PX-974917-3F9U,Pixel 6A with GrapheneOS Pre-installed - Privacy-Focused Android Alternative,"Pixel 6A with GrapheneOS Pre-installed. This Privacy-Focused Android Alternative 
             features hardware identical to Google Pixel 6A. Custom ROM - GrapheneOS provides enhanced privacy and security while
             maintaining full functionality.",Pixel 6A,,,,/images/placeholder.png,active,true,0,fair,Charcoal,,,,,240,,10,in_stock,PX-974917-3F9U-C-CH-128-0,/images/placeholder.png,100,5,7,5-7 working days,10,10,5,Storage:128GB;Model:Pixel 6A,2025-08-24T04:16:14.925Z,2025-08-24T10:02:56.225Z
68aa920eda54cf773f580f5c,GrapheneOS Pixel 6A,pixel-6a,PX-974917-3F9U,Pixel 6A with GrapheneOS Pre-installed - Privacy-Focused Android Alternative,"Pixel 6A with GrapheneOS Pre-installed. This Privacy-Focused Android Alternative 
             features hardware identical to Google Pixel 6A. Custom ROM - GrapheneOS provides enhanced privacy and security while
             maintaining full functionality.",Pixel 6A,,,,/images/placeholder.png,active,true,1,fair,Sage,,,,,240,,10,in_stock,PX-974917-3F9U-C-SA-128-1,/images/placeholder.png,100,5,7,5-7 working days,10,10,5,Storage:128GB;Model:Pixel 6A,2025-08-24T04:16:14.925Z,2025-08-24T10:02:56.225Z
68aa920eda54cf773f580f5c,GrapheneOS Pixel 6A,pixel-6a,PX-974917-3F9U,Pixel 6A with GrapheneOS Pre-installed - Privacy-Focused Android Alternative,"Pixel 6A with GrapheneOS Pre-installed. This Privacy-Focused Android Alternative 
             features hardware identical to Google Pixel 6A. Custom ROM - GrapheneOS provides enhanced privacy and security while
             maintaining full functionality.",Pixel 6A,,,,/images/placeholder.png,active,true,2,good,Chalk,,,,,250,,10,in_stock,PX-974917-3F9U-B-CH-128-2,/images/placeholder.png,100,5,7,5-7 working days,10,10,5,Storage:128GB;Model:Pixel 6A,2025-08-24T04:16:14.925Z,2025-08-24T10:02:56.225Z
68aa920eda54cf773f580f5c,GrapheneOS Pixel 6A,pixel-6a,PX-974917-3F9U,Pixel 6A with GrapheneOS Pre-installed - Privacy-Focused Android Alternative,"Pixel 6A with GrapheneOS Pre-installed. This Privacy-Focused Android Alternative 
             features hardware identical to Google Pixel 6A. Custom ROM - GrapheneOS provides enhanced privacy and security while
             maintaining full functionality.",Pixel 6A,,,,/images/placeholder.png,active,true,3,good,Charcoal,,,,,250,,10,in_stock,PX-974917-3F9U-B-CH-128-3,/images/placeholder.png,100,5,7,5-7 working days,10,10,5,Storage:128GB;Model:Pixel 6A,2025-08-24T04:16:14.925Z,2025-08-24T10:02:56.225Z
68aa920eda54cf773f580f5c,GrapheneOS Pixel 6A,pixel-6a,PX-974917-3F9U,Pixel 6A with GrapheneOS Pre-installed - Privacy-Focused Android Alternative,"Pixel 6A with GrapheneOS Pre-installed. This Privacy-Focused Android Alternative 
             features hardware identical to Google Pixel 6A. Custom ROM - GrapheneOS provides enhanced privacy and security while
             maintaining full functionality.",Pixel 6A,,,,/images/placeholder.png,active,true,4,good,Sage,,,,,250,,10,in_stock,PX-974917-3F9U-B-SA-128-4,/images/placeholder.png,100,5,7,5-7 working days,10,10,5,Storage:128GB;Model:Pixel 6A,2025-08-24T04:16:14.925Z,2025-08-24T10:02:56.225Z
68aa920eda54cf773f580f5c,GrapheneOS Pixel 6A,pixel-6a,PX-974917-3F9U,Pixel 6A with GrapheneOS Pre-installed - Privacy-Focused Android Alternative,"Pixel 6A with GrapheneOS Pre-installed. This Privacy-Focused Android Alternative 
             features hardware identical to Google Pixel 6A. Custom ROM - GrapheneOS provides enhanced privacy and security while
             maintaining full functionality.",Pixel 6A,,,,/images/placeholder.png,active,true,5,excellent,Chalk,,,,,260,,15,in_stock,PX-974917-3F9U-A-CH-128-5,,100,5,7,5-7 working days,10,10,5,Storage:128GB;Model:Pixel 6A,2025-08-24T04:16:14.925Z,2025-08-24T10:02:56.225Z
68aa920eda54cf773f580f5c,GrapheneOS Pixel 6A,pixel-6a,PX-974917-3F9U,Pixel 6A with GrapheneOS Pre-installed - Privacy-Focused Android Alternative,"Pixel 6A with GrapheneOS Pre-installed. This Privacy-Focused Android Alternative 
             features hardware identical to Google Pixel 6A. Custom ROM - GrapheneOS provides enhanced privacy and security while
             maintaining full functionality.",Pixel 6A,,,,/images/placeholder.png,active,true,6,fair,Chalk,,,,,235,,11,in_stock,PX-974917-3F9U-C-CH-128-6,,100,5,7,5-7 working days,10,10,5,Storage:128GB;Model:Pixel 6A,2025-08-24T04:16:14.925Z,2025-08-24T10:02:56.225Z
68aa920eda54cf773f580f5c,GrapheneOS Pixel 6A,pixel-6a,PX-974917-3F9U,Pixel 6A with GrapheneOS Pre-installed - Privacy-Focused Android Alternative,"Pixel 6A with GrapheneOS Pre-installed. This Privacy-Focused Android Alternative 
             features hardware identical to Google Pixel 6A. Custom ROM - GrapheneOS provides enhanced privacy and security while
             maintaining full functionality.",Pixel 6A,,,,/images/placeholder.png,active,true,7,excellent,Charcoal,,,,,260,,0,in_stock,PX-974917-3F9U-A-CH-128-7,,100,5,7,5-7 working days,10,10,5,Storage:128GB;Model:Pixel 6A,2025-08-24T04:16:14.925Z,2025-08-24T10:02:56.225Z
68aa920eda54cf773f580f5c,GrapheneOS Pixel 6A,pixel-6a,PX-974917-3F9U,Pixel 6A with GrapheneOS Pre-installed - Privacy-Focused Android Alternative,"Pixel 6A with GrapheneOS Pre-installed. This Privacy-Focused Android Alternative 
             features hardware identical to Google Pixel 6A. Custom ROM - GrapheneOS provides enhanced privacy and security while
             maintaining full functionality.",Pixel 6A,,,,/images/placeholder.png,active,true,8,excellent,Sage,,,,,265,,0,in_stock,PX-974917-3F9U-C-SA-128-8,,100,5,7,5-7 working days,10,10,5,Storage:128GB;Model:Pixel 6A,2025-08-24T04:16:14.925Z,2025-08-24T10:02:56.225Z
